Marca temporal,"0. Consentimiento: 
""Esta encuesta es voluntaria, anónima y de uso exclusivamente académico. No se recolectan nombres, documentos, correos ni datos que permitan identificarte. Al continuar aceptas participar.""",¿Cuál es tu edad,¿Con que género te identificas?,¿Cuál es tu vinculo con la Universidad del Rosario?,"En los últimos 12 meses, ¿has donado bienes o tiempo a alguna causa?  ","Aproximadamente, ¿con qué frecuencia donas?  ",¿A qué tipo de causa has donado principalmente?  ,"Ante la campaña descrita, ¿donarías?  ",¿Cuánto estarías dispuesto a donar? (COP Rango= 0 - 50.000$  ),"En una escala de 0 a 10, ¿qué tan confiable te parece esta campaña?  ",¿Qué probabilidad crees que hay de que los recursos lleguen efectivamente a las familias afectadas? (0% a 100%)  ,¿Compartirías esta campaña con otras personas?  ,"En una frase, ¿cuál es la razón principal por la que donarías o no donarías?  ","¿Qué tanta confianza te genera cada institución? (0 = ninguna confianza, 10 = total confianza) [Alcaldías]","¿Qué tanta confianza te genera cada institución? (0 = ninguna confianza, 10 = total confianza) [Gobierno Nacional]","¿Qué tanta confianza te genera cada institución? (0 = ninguna confianza, 10 = total confianza) [ONG]","¿Qué tanta confianza te genera cada institución? (0 = ninguna confianza, 10 = total confianza) [Universidades]","¿Qué tanta confianza te genera cada institución? (0 = ninguna confianza, 10 = total confianza) [Organización religiosa]","¿Qué tanta confianza te genera cada institución? (0 = ninguna confianza, 10 = total confianza) [Empresas privadas]",¿Cuál institución crees que tiene mayor capacidad técnica y logística para responder ante una emergencia como esta?  ,"En tu opinión, ¿qué institución debería liderar la coordinación de la respuesta ante esta emergencia?  ","¿Has tenido alguna experiencia, propia o cercana, con el manejo de una emergencia anterior por parte de alguna de estas instituciones?"
3/9/2026 13:37:06,Acepto participar,18,Masculino,Estudiante,"No, ninguna de las anteriores",Nunca,Educación,Sí," $ 45,000.00 ",5,40 - 60,Sí,para ayudar a la gente,4,4,2,5,2,7,Empresas Privadas,Empresas Privadas,No
3/9/2026 13:37:49,Acepto participar,20,Masculino,Estudiante,"Sí, bienes",Ocasional (2-4 veces al año),Desastres,Sí," $ 50,000.00 ",6,60 - 80,Tal vez,"Donaría pues hace parte de mis creencias religiosas y personales, pero ante una campaña no confiable, me replantearía si donar o no.",7,1,1,10,10,10,Gobierno Nacional,Alcaldías,No
3/9/2026 13:40:55,Acepto participar,19,Masculino,Estudiante,"Sí, ambas",Ocasional (2-4 veces al año),Animales,Sí," $ 40,000.00 ",7,60 - 80,Tal vez,Para ayudar a las personas afectadas ,8,6,6,10,4,5,Gobierno Nacional,Gobierno Nacional,No
3/9/2026 13:55:51,Acepto participar,18,Masculino,Estudiante,"No, ninguna de las anteriores",Nunca,No aplica,No, $ -   ,5,40 - 60,Tal vez,No tengo plata,5,5,5,6,2,5,Empresas Privadas,Gobierno Nacional,No
3/9/2026 14:05:43,Acepto participar,72,Masculino,Docente,"Sí, ambas",Ocasional (2-4 veces al año),Salud,No, $ -   ,8,80 - 100,Sí,Confianza y solidaridad,1,0,4,1,0,6,Gobierno Nacional,Gobierno Nacional,No
3/9/2026 14:14:22,Acepto participar,19,Femenino,Estudiante,"Sí, bienes",Rara vez (1 vez al año),Salud,Sí, $ -   ,8,80 - 100,Tal vez,Donaría si son puntos de sitios como cruz roja o organizaciones conocidas que literalmente se dediquen a ello,8,9,9,9,9,8,Alcaldías,Alcaldías,No
3/9/2026 14:14:39,Acepto participar,22,Femenino,Estudiante,"Sí, ambas",Ocasional (2-4 veces al año),Emergencias,Sí," $ 40,000.00 ",10,40 - 60,Sí,"Por que mi carrera me lo pide, y también me nace hacerlo
",5,6,8,8,8,8,Gobierno Nacional,Alcaldías,Sí
3/9/2026 14:20:03,Acepto participar,20,Masculino,Estudiante,"Sí, bienes",Ocasional (2-4 veces al año),Desastres,Sí," $ 50,000.00 ",8,60 - 80,Tal vez,Para ayudar a las personas que pasan por una situación de emergencia,5,2,2,8,2,8,Empresas Privadas,Gobierno Nacional,No
3/9/2026 14:30:23,Acepto participar,19,Femenino,Estudiante,"Sí, bienes",Rara vez (1 vez al año),Desastres,No, $ -   ,10,60 - 80,Tal vez,"No donaría dinero porque muchas veces no se destina a la causa, donaría bienes",8,7,7,9,8,7,Alcaldías,Alcaldías,No
3/9/2026 14:32:32,Acepto participar,20,Femenino,Estudiante,"Sí, ambas",Rara vez (1 vez al año),Animales,Sí," $ 45,000.00 ",5,60 - 80,Sí,Donaría porque puedo ayudar a quienes no tienen recursos ,4,8,7,9,0,5,Gobierno Nacional,Gobierno Nacional,No
3/9/2026 14:44:09,Acepto participar,19,Masculino,Estudiante,"Sí, tiempo (voluntariado)",Rara vez (1 vez al año),Otra,Sí, $ -   ,4,40 - 60,Tal vez,Seguridad en que llegue lo donado,8,9,9,9,10,8,ONG,Gobierno Nacional,No
3/9/2026 15:25:10,Acepto participar,19,Masculino,Estudiante,"No, ninguna de las anteriores",Ocasional (2-4 veces al año),Otra,Sí," $ 50,000.00 ",6,60 - 80,No,Por los demás ayudaría,3,2,3,2,1,3,Empresas Privadas,Gobierno Nacional,No
3/9/2026 16:28:04,Acepto participar,20,Masculino,Estudiante,"No, ninguna de las anteriores",Rara vez (1 vez al año),Educación,Sí," $ 30,000.00 ",7,60 - 80,Tal vez,Quizás por mis valores como solidaridad y empatía por el entorno en que crecí ,8,8,9,7,6,8,Gobierno Nacional,Empresas Privadas,No
3/9/2026 16:29:58,Acepto participar,20,Femenino,Estudiante,"No, ninguna de las anteriores",Nunca,No aplica,Sí," $ 35,000.00 ",7,60 - 80,Tal vez,No donaria porque no trabajo. ,4,4,8,8,4,0,ONG,Gobierno Nacional,No
3/9/2026 17:13:16,Acepto participar,21,Femenino,Estudiante,"Sí, bienes",Rara vez (1 vez al año),Emergencias,Sí," $ 40,000.00 ",9,60 - 80,Sí,Para ayudar personas que realmente están necesitando bienes para su subsistencia. ,1,3,2,3,4,1,Gobierno Nacional,Gobierno Nacional,No
3/9/2026 18:53:44,Acepto participar,20,Masculino,Estudiante,"Sí, bienes",Rara vez (1 vez al año),Emergencias,Sí," $ 30,000.00 ",7,60 - 80,Sí,Porque es gente que necesita ayuda y que yo tengo la posibilidad de ayudar ,8,5,5,8,6,6,Gobierno Nacional,Gobierno Nacional,No
4/9/2026 8:50:22,Acepto participar,18,Femenino,Estudiante,"No, ninguna de las anteriores",Rara vez (1 vez al año),Emergencias,Sí," $ 50,000.00 ",10,40 - 60,Sí,"Yo donaría para ayudar a las personas que realmente lo necesiten, en momentos de calamidades es importante apoyarnos como sociedad",2,2,3,2,3,1,Gobierno Nacional,Gobierno Nacional,Sí
4/9/2026 9:19:24,Acepto participar,20,Femenino,Ninguno,"Sí, bienes",Rara vez (1 vez al año),Otra,Sí," $ 20,000.00 ",8,60 - 80,Sí,Donaría porque la gente necesita esa ayuda y yo desde mi posición se la puedo dar ,6,5,7,5,7,7,ONG,ONG,Sí
4/9/2026 9:19:56,Acepto participar,19,Masculino,Ninguno,"Sí, tiempo (voluntariado)",Rara vez (1 vez al año),Desastres,Sí," $ 40,000.00 ",2,20 - 40,Tal vez,Para ayudar a las personas de esos desastres,5,7,8,7,6,1,Gobierno Nacional,Gobierno Nacional,Sí
4/9/2026 9:35:56,Acepto participar,19,Femenino,Estudiante,"Sí, ambas",Ocasional (2-4 veces al año),Desastres,Sí," $ 50,000.00 ",5,40 - 60,Tal vez,No sonaría si no me dicen exactamente que lugar es el afectado y no me muestran imágenes de que eso realmente paso. ,1,1,2,2,2,1,Gobierno Nacional,Gobierno Nacional,No
4/9/2026 10:27:41,Acepto participar,21,Masculino,Ninguno,"No, ninguna de las anteriores",Nunca,No aplica,No, $ -   ,5,40 - 60,Tal vez,N/R,5,7,2,2,7,7,Gobierno Nacional,Gobierno Nacional,No
4/9/2026 11:28:25,Acepto participar,33,Masculino,Administrativo,"Sí, ambas",Ocasional (2-4 veces al año),Desastres,Sí," $ 35,000.00 ",10,60 - 80,Sí,"Me gusta donar a cualquier causa y mas si es un desastre ya que hay mucha gente que necesita ayudas, y poder brindar mi granito de arena es lo mejor que puedo hacer",5,6,8,8,8,8,Gobierno Nacional,ONG,Sí
5/9/2026 15:16:42,Acepto participar,21,Masculino,Estudiante,"Sí, bienes",Ocasional (2-4 veces al año),Emergencias,Sí," $ 50,000.00 ",10,60 - 80,Sí,"Aparte de que estudio trabajo y desde muy pequeño estoy dispuesto a dar en cual ocasión sea lo que sea, pero sobre todo en emergencias",2,5,10,10,10,10,Gobierno Nacional,Empresas Privadas,Sí
7/9/2026 19:19:02,Acepto participar,20,Femenino,Ninguno,"No, ninguna de las anteriores",Rara vez (1 vez al año),Religiosa,Sí," $ 30,000.00 ",2,0 - 20,Tal vez,"No donaría porque no me he informado en las noticias sobre este desastre natural, es diferente si la emergencia está moviendo a todo el país o si quien está recibiendo las donaciones son entidades certificadas como Cruz roja certificada.",7,7,8,8,9,7,ONG,ONG,No
7/9/2026 19:22:31,Acepto participar,20,Masculino,Ninguno,"Sí, bienes",Nunca,Otra,Sí," $ 50,000.00 ",10,60 - 80,Tal vez,Por empatía y porque puedo donar,9,8,5,9,7,5,Gobierno Nacional,Gobierno Nacional,No
7/9/2026 19:31:03,Acepto participar,20,No binario,Estudiante,"Sí, ambas",Ocasional (2-4 veces al año),Emergencias,Sí," $ 25,000.00 ",7,40 - 60,Tal vez,Tengo que asegurar de que sea de una institución acreditado ,2,2,3,2,1,1,Gobierno Nacional,Alcaldías,No
7/9/2026 19:32:21,Acepto participar,20,Masculino,Estudiante,"Sí, tiempo (voluntariado)",Rara vez (1 vez al año),Desastres,Sí," $ 30,000.00 ",7,40 - 60,Sí,Solidaridad ,7,10,10,10,8,8,Gobierno Nacional,Gobierno Nacional,No
7/9/2026 19:51:36,Acepto participar,21,Masculino,Ninguno,"Sí, tiempo (voluntariado)",Ocasional (2-4 veces al año),Religiosa,No, $ -   ,6,60 - 80,Tal vez,Yo lo haría pero la razin es que no tengo trabajo.,7,6,7,8,10,7,Organización Religiosa,Gobierno Nacional,Sí
7/9/2026 19:51:52,Acepto participar,19,Femenino,Ninguno,"No, ninguna de las anteriores",Rara vez (1 vez al año),Educación,Sí," $ 10,000.00 ",4,20 - 40,Tal vez,Para sentir que ayudo,7,6,7,10,10,10,Alcaldías,Gobierno Nacional,No
7/9/2026 21:48:01,Acepto participar,20,Masculino,Estudiante,"Sí, tiempo (voluntariado)",Rara vez (1 vez al año),Desastres,Sí," $ 50,000.00 ",10,80 - 100,Tal vez,Por las ganas de ayudar al que lo necesita,8,8,8,8,8,8,ONG,ONG,Sí
8/9/2026 5:52:23,Acepto participar,17,Masculino,Estudiante,"Sí, bienes",Rara vez (1 vez al año),Desastres,Sí," $ 50,000.00 ",5,60 - 80,Sí,Donaría porque cada persona tiene el derecho a tener recursos básicos y una casa. Con mi donación podría ayudar al menos un poco con lo que tengo.,7,8,4,8,8,6,Gobierno Nacional,Gobierno Nacional,No
8/9/2026 8:34:36,Acepto participar,21,Femenino,Ninguno,"No, ninguna de las anteriores",Nunca,No aplica,No, $ -   ,3,20 - 40,Sí,Solidaridad ,3,2,6,1,3,7,Gobierno Nacional,Gobierno Nacional,No
8/9/2026 12:19:17,Acepto participar,23,Masculino,Ninguno,"Sí, ambas",Rara vez (1 vez al año),Salud,Sí," $ 40,000.00 ",10,80 - 100,Sí,"HOY POR TI, MAÑANA POR MI",7,7,8,8,7,7,ONG,Gobierno Nacional,Sí
8/9/2026 12:25:15,Acepto participar,23,Femenino,Ninguno,"No, ninguna de las anteriores",Rara vez (1 vez al año),Emergencias,Sí," $ 50,000.00 ",7,40 - 60,Tal vez,Apoyo al que lo necesita ,2,2,2,2,2,2,Empresas Privadas,Gobierno Nacional,No
8/9/2026 13:04:13,Acepto participar,39,Femenino,Estudiante,"Sí, bienes",Ocasional (2-4 veces al año),Emergencias,Sí," $ 10,000.00 ",8,60 - 80,Tal vez,"Donaría si fiaran más información referente a la emergencia presentada , información específica y verificable , ya que es muy poca y no da confiabilidad ",5,5,7,7,9,7,Gobierno Nacional,Gobierno Nacional,No
8/9/2026 15:03:27,Acepto participar,22,Femenino,Estudiante,"Sí, tiempo (voluntariado)",Rara vez (1 vez al año),Desastres,Sí," $ 50,000.00 ",5,40 - 60,Sí,Por los niños ,6,5,7,9,5,6,Universidades,Universidades,No
8/9/2026 15:11:22,Acepto participar,22,Masculino,Estudiante,"Sí, bienes",Ocasional (2-4 veces al año),Otra,Sí," $ 45,000.00 ",8,40 - 60,Sí,Hoy por ti mañana por mi,7,6,8,8,7,8,Gobierno Nacional,Gobierno Nacional,No
8/9/2026 16:32:36,Acepto participar,21,Masculino,Estudiante,"Sí, tiempo (voluntariado)",Ocasional (2-4 veces al año),Desastres,Sí," $ 40,000.00 ",7,40 - 60,Sí,"Porque me nace hacerlo, y siento que también hay momentos donde la gente lo necesita ",3,8,8,10,10,8,Gobierno Nacional,Alcaldías,Sí
8/9/2026 16:35:09,Acepto participar,18,Femenino,Estudiante,"Sí, bienes",Rara vez (1 vez al año),Emergencias,Sí," $ 25,000.00 ",9,60 - 80,Tal vez,"Yo donaría primero porque gracias a Dios cuento con los recursos, y segundo porque siento que mas allá del lucro personal, uno debe ayudar a cualquier persona",6,10,9,10,9,9,Gobierno Nacional,Gobierno Nacional,No
8/9/2026 16:37:01,Acepto participar,28,Masculino,Egresado,"Sí, tiempo (voluntariado)",Ocasional (2-4 veces al año),Desastres,Sí," $ 35,000.00 ",8,40 - 60,Tal vez,"Siento que con lo que gano en mi trabajo puedo ayudar, o aportar mi granito de arena ante un desastre",8,7,10,9,9,9,Gobierno Nacional,Alcaldías,Sí
8/9/2026 16:39:12,Acepto participar,19,Masculino,Estudiante,"Sí, tiempo (voluntariado)",Ocasional (2-4 veces al año),Desastres,Sí," $ 25,000.00 ",7,40 - 60,Sí,"En los desastres es donde más la gente lo necesita, por ejemplo lo que pasó hace poco con el terremoto, siento que cada uno puede poner de su parte",4,4,6,7,7,10,Gobierno Nacional,Alcaldías,No
8/9/2026 16:42:26,Acepto participar,20,Femenino,Estudiante,"Sí, ambas",Frecuente (mensual o más),Desastres,Sí," $ 25,000.00 ",10,60 - 80,Sí,Me nace hacerlo,7,8,10,8,9,10,Gobierno Nacional,ONG,No
8/9/2026 16:45:53,Acepto participar,20,Masculino,Estudiante,"Sí, bienes",Rara vez (1 vez al año),Desastres,Sí," $ 45,000.00 ",10,40 - 60,Tal vez,"Uno no se lleva nada, de que vale guardar plata si a alguien más le puede servir en tiempos de desastres",8,7,10,8,10,10,Gobierno Nacional,Gobierno Nacional,No
8/9/2026 16:47:34,Acepto participar,17,Femenino,Ninguno,"Sí, ambas",Ocasional (2-4 veces al año),Emergencias,Sí," $ 40,000.00 ",7,60 - 80,Tal vez,"Es triste ver mucha gente en esas condiciones, entonces si yo puedo hacer algo mínimo para ayudar con todo el gusto lo voy a hacer",4,4,9,9,10,10,Gobierno Nacional,ONG,No
8/9/2026 16:51:06,Acepto participar,18,Femenino,Estudiante,"Sí, ambas",Ocasional (2-4 veces al año),Desastres,Sí," $ 50,000.00 ",8,40 - 60,Tal vez,"Soy una mujer con unas buenas costumbres, y me criaron siempre para dar al necesitado y más en un desastre",7,7,9,9,8,10,Gobierno Nacional,Empresas Privadas,Sí
8/9/2026 17:03:00,Acepto participar,27,Femenino,Ninguno,"Sí, bienes",Frecuente (mensual o más),Religiosa,Sí," $ 35,000.00 ",8,60 - 80,Tal vez,Donaría para ser ayuda a otros ,0,1,1,0,2,1,Gobierno Nacional,Gobierno Nacional,No
8/9/2026 17:38:35,Acepto participar,19,Masculino,Estudiante,"Sí, bienes",Rara vez (1 vez al año),Animales,Sí," $ 40,000.00 ",6,60 - 80,Sí,Siempre me ha gustado ayudar y más a los animales ya que también son seres vivos,4,4,6,7,8,10,Gobierno Nacional,Gobierno Nacional,No
8/9/2026 17:45:02,Acepto participar,25,Femenino,Ninguno,"Sí, ambas",Ocasional (2-4 veces al año),Desastres,Sí," $ 25,000.00 ",8,60 - 80,Sí,Soy una mujer que le gusta ayudar y cuando se me da la oportunidad de hacerlo lo hago,2,3,9,9,10,10,Gobierno Nacional,Empresas Privadas,Sí
8/9/2026 17:47:57,Acepto participar,21,Masculino,Ninguno,"Sí, ambas",Ocasional (2-4 veces al año),Desastres,Sí," $ 45,000.00 ",9,80 - 100,Sí,"La mayoría de veces he sido generoso con ayudas monetarias en desastres y demas, me gusta mucho ayudar a la gente y sobretodo que lo que uno ofrezca les sirva.",4,6,7,9,10,10,Gobierno Nacional,Alcaldías,No
8/9/2026 17:50:27,Acepto participar,20,Masculino,Estudiante,"Sí, bienes",Ocasional (2-4 veces al año),Emergencias,Sí," $ 50,000.00 ",10,60 - 80,Sí,Me gusta siempre ayudar en lo que pueda aportar en emergencias,3,3,5,7,9,10,Gobierno Nacional,Alcaldías,No
8/9/2026 17:53:23,Acepto participar,20,Masculino,Estudiante,"Sí, bienes",Ocasional (2-4 veces al año),Desastres,Sí," $ 30,000.00 ",7,60 - 80,Tal vez,Donaría si es necesario y que haya gente que lo necesite realmente bajo una circunstancia dificil,4,6,9,10,7,9,Gobierno Nacional,Gobierno Nacional,No
8/9/2026 17:55:43,Acepto participar,21,Masculino,Estudiante,"Sí, bienes",Rara vez (1 vez al año),Desastres,Sí," $ 45,000.00 ",8,60 - 80,Sí,"Cuando la gente lo necesite sea por desastres naturales, con todo el gusto dono",3,3,5,5,6,6,Gobierno Nacional,Empresas Privadas,No
8/9/2026 17:57:52,Acepto participar,23,Masculino,Estudiante,"Sí, bienes",Ocasional (2-4 veces al año),Emergencias,Sí," $ 40,000.00 ",8,80 - 100,Sí,"Mis papás me criaron así, y me nace hacerlo desde el corazon",4,6,7,9,9,10,Gobierno Nacional,Gobierno Nacional,No
8/9/2026 17:59:33,Acepto participar,20,Femenino,Estudiante,"Sí, bienes",Ocasional (2-4 veces al año),Animales,Sí," $ 20,000.00 ",6,40 - 60,Tal vez,"Me gusta mucho donar a causas de animales, y también desastres",5,5,7,9,10,10,Gobierno Nacional,Gobierno Nacional,No
8/9/2026 18:02:50,Acepto participar,20,Masculino,Estudiante,"Sí, ambas",Ocasional (2-4 veces al año),Salud,Sí," $ 20,000.00 ",7,60 - 80,Sí,Cuando haya gente en condiciones muy graves sea por un desastre o por salud ,2,3,5,7,9,10,Gobierno Nacional,Gobierno Nacional,Sí
8/9/2026 18:41:04,Acepto participar,21,Masculino,Estudiante,"No, ninguna de las anteriores",Rara vez (1 vez al año),Religiosa,Sí," $ 50,000.00 ",3,20 - 40,Tal vez,me gustaria donar ya que es una situacion fuera de contexto donde nadie puede evitar un desastre natural ,2,2,2,6,2,5,Empresas Privadas,Empresas Privadas,No
8/9/2026 19:36:40,Acepto participar,20,Femenino,Ninguno,"Sí, bienes",Rara vez (1 vez al año),Desastres,Sí," $ 20,000.00 ",8,60 - 80,Sí,"Uno dona porque tiene la oportunidad de ayudar a alguien que lo necesita y aportar, aunque sea con algo pequeño, a mejorar su vida ante la situación que están viviendo ",7,7,7,7,7,7,Gobierno Nacional,ONG,No
8/9/2026 19:54:39,Acepto participar,19,Femenino,Estudiante,"Sí, ambas",Rara vez (1 vez al año),Emergencias,Sí," $ 50,000.00 ",7,60 - 80,Sí,Hoy por ti mañana por mi!,8,8,10,8,8,8,ONG,ONG,No
8/9/2026 21:05:55,Acepto participar,21,Masculino,Estudiante,"No, ninguna de las anteriores",Nunca,No aplica,No, $ -   ,0,0 - 20,No,no,0,0,0,0,0,0,Empresas Privadas,ONG,No
8/9/2026 21:11:41,Acepto participar,19,Femenino,Estudiante,"No, ninguna de las anteriores",Rara vez (1 vez al año),Otra,Sí," $ 20,000.00 ",7,40 - 60,Sí,"Por sentido de pertenencia , conciencia y empatía con las poblaciones afectadas ",7,8,9,9,1,3,ONG,ONG,No
8/9/2026 21:17:02,Acepto participar,21,Femenino,Estudiante,"Sí, bienes",Ocasional (2-4 veces al año),Emergencias,Sí," $ 50,000.00 ",10,60 - 80,Sí,Empatía ,10,10,10,10,10,10,Gobierno Nacional,Gobierno Nacional,No
9/9/2026 8:05:03,Acepto participar,21,Femenino,Estudiante,"Sí, bienes",Rara vez (1 vez al año),Desastres,Sí," $ 20,000.00 ",8,60 - 80,Sí,"Me gusta ayudar y cuando lo hago, lo hago desde el cora ",3,6,9,8,10,10,Gobierno Nacional,Gobierno Nacional,No
9/9/2026 8:06:48,Acepto participar,20,Masculino,Estudiante,"Sí, bienes",Ocasional (2-4 veces al año),No aplica,Sí," $ 10,000.00 ",7,40 - 60,Sí,"Porque este es un caso difícil, dónde mucha gente damnificada lo necesita",4,5,8,9,8,8,Gobierno Nacional,Alcaldías,No
9/9/2026 8:08:02,Acepto participar,20,Masculino,Estudiante,"Sí, bienes",Ocasional (2-4 veces al año),Desastres,Sí," $ 25,000.00 ",8,60 - 80,Sí,Es mi deber como ciudadano ,3,6,7,9,10,10,Gobierno Nacional,Alcaldías,No
9/9/2026 8:09:39,Acepto participar,19,Femenino,Estudiante,"Sí, tiempo (voluntariado)",Rara vez (1 vez al año),Emergencias,Sí," $ 40,000.00 ",7,60 - 80,Sí,"Me gusta ayudar, y tengo la posibilidad de hacerlo",4,4,7,7,8,10,Gobierno Nacional,Alcaldías,Sí
9/9/2026 8:16:13,Acepto participar,22,Masculino,Estudiante,"Sí, bienes",Ocasional (2-4 veces al año),Desastres,Sí," $ 20,000.00 ",9,80 - 100,Sí,"Soy una persona que desde lo poco ayuda, tipo si tengo plata de sobra lo dono por q a alguien más le puede servir como es este caso",4,3,5,5,8,10,Gobierno Nacional,Empresas Privadas,No
9/9/2026 8:24:30,Acepto participar,20,Masculino,Estudiante,"Sí, bienes",Rara vez (1 vez al año),Desastres,Sí," $ 35,000.00 ",6,60 - 80,Tal vez,Este caso pasa en mucho en Colombia y es una problemática donde más se puede ayudar,2,4,5,8,9,10,Gobierno Nacional,Gobierno Nacional,No
9/9/2026 8:38:05,Acepto participar,20,Femenino,Estudiante,"Sí, bienes",Ocasional (2-4 veces al año),Desastres,Sí," $ 40,000.00 ",9,60 - 80,Sí,"Lo que pasó en el terremoto, me tocó el corazón mucho y por ende lo hago desde ahi",6,5,7,7,9,10,Gobierno Nacional,ONG,Sí
9/9/2026 8:40:11,Acepto participar,19,Masculino,Estudiante,"Sí, bienes",Rara vez (1 vez al año),Desastres,Sí," $ 50,000.00 ",7,60 - 80,Tal vez,La gente que lo necesita :),4,5,8,9,6,10,Gobierno Nacional,Alcaldías,No
9/9/2026 8:42:13,Acepto participar,22,Femenino,Estudiante,"Sí, ambas",Rara vez (1 vez al año),Desastres,Sí," $ 25,000.00 ",8,60 - 80,Sí,"Creo que como colombianos cada uno debe poner de su parte en lo que pueda, y más cuando el país lo requiera",7,6,8,8,8,10,Gobierno Nacional,Gobierno Nacional,No
9/9/2026 9:24:48,Acepto participar,19,Masculino,Estudiante,"Sí, bienes",Rara vez (1 vez al año),Desastres,Sí," $ 40,000.00 ",8,60 - 80,Sí,Ayudar a los damnificados ,9,10,9,10,9,9,Gobierno Nacional,Gobierno Nacional,Sí
9/9/2026 9:36:02,Acepto participar,21,Masculino,Estudiante,"No, ninguna de las anteriores",Nunca,No aplica,No, $ -   ,6,60 - 80,Tal vez,Me falta información de la organización donante.,7,6,9,10,9,7,Universidades,ONG,No
9/9/2026 9:37:20,Acepto participar,20,Masculino,Ninguno,"No, ninguna de las anteriores",Rara vez (1 vez al año),Salud,Sí," $ 10,000.00 ",8,80 - 100,Sí,"La gente que no tiene hogar, necesita más el tiempo, el dinero y la ayuda de la gente ",0,9,10,8,7,3,Gobierno Nacional,Alcaldías,Sí
9/9/2026 9:43:31,Acepto participar,20,Masculino,Ninguno,"Sí, bienes",Rara vez (1 vez al año),Emergencias,Sí," $ 50,000.00 ",5,40 - 60,Sí,No sabes cuando podría pasarte a ti ,5,5,7,7,9,9,Empresas Privadas,ONG,No
9/9/2026 9:59:51,Acepto participar,20,Masculino,Estudiante,"Sí, bienes",Rara vez (1 vez al año),Desastres,Sí," $ 50,000.00 ",5,40 - 60,Tal vez,aunque se haya iniciado una campaña no se sabe quién la coordina ,4,6,8,8,5,5,Gobierno Nacional,Gobierno Nacional,No
9/9/2026 10:20:34,Acepto participar,21,Femenino,Estudiante,"Sí, tiempo (voluntariado)",Rara vez (1 vez al año),Otra,No, $ -   ,7,40 - 60,Tal vez,Mucho esfuerzo (dono solo una vez) ,6,8,7,10,9,10,ONG,Gobierno Nacional,No
9/9/2026 10:26:58,Acepto participar,24,Femenino,Estudiante,"No, ninguna de las anteriores",Nunca,No aplica,Sí," $ 35,000.00 ",9,60 - 80,Sí,Porque las personas lo necesitan y no está de más aportar un granito de arena a la causa,1,2,2,3,1,2,ONG,Universidades,No
9/9/2026 10:35:55,Acepto participar,20,Femenino,Estudiante,"Sí, tiempo (voluntariado)",Frecuente (mensual o más),Educación,Sí," $ 10,000.00 ",8,60 - 80,Sí,Razón principal debo trabajar y ganar mis propios ingresos pero puedo donar mi tiempo en especial cuando no estoy ocupada.,6,7,8,9,10,9,ONG,Gobierno Nacional,No
9/9/2026 11:57:56,Acepto participar,22,Masculino,Estudiante,"Sí, bienes",Rara vez (1 vez al año),Educación,No," $ 2,000.00 ",4,20 - 40,Tal vez,Deconfianza,7,2,4,7,1,1,Gobierno Nacional,Gobierno Nacional,No
9/9/2026 13:23:08,Acepto participar,21,Femenino,Estudiante,"No, ninguna de las anteriores",Nunca,No aplica,Sí," $ 50,000.00 ",8,60 - 80,Tal vez,Porque cada aporte puede ayudar así sea poco,3,3,4,4,4,4,ONG,ONG,No
9/9/2026 13:24:52,Acepto participar,22,Masculino,Estudiante,"Sí, bienes",Rara vez (1 vez al año),Desastres,Sí," $ 20,000.00 ",8,60 - 80,Sí,Por que uno tiene que ayudar al prójimo con lo que pueda. Aveces compramos cosas que no necesitamos y que podríamos utilizar ese dinero y ayudar a lguien que lo necesite ,7,7,6,8,4,6,Empresas Privadas,ONG,No
9/9/2026 16:11:14,Acepto participar,20,Masculino,Estudiante,"Sí, ambas",Frecuente (mensual o más),Educación,Sí," $ 20,000.00 ",5,40 - 60,Tal vez,No se ve confiable,8,8,9,9,4,7,Gobierno Nacional,Gobierno Nacional,Sí
9/9/2026 23:54:35,Acepto participar,21,Masculino,Estudiante,"Sí, tiempo (voluntariado)",Rara vez (1 vez al año),Desastres,Sí," $ 50,000.00 ",8,40 - 60,Sí,Es importante ayudar cuando hay un desastre,3,4,6,7,8,8,Empresas Privadas,Alcaldías,Sí
10/9/2026 11:33:49,Acepto participar,20,Masculino,Estudiante,"No, ninguna de las anteriores",Rara vez (1 vez al año),Otra,Sí," $ 20,000.00 ",7,40 - 60,Tal vez,Para ayudar a los que necesitan más cosas para su supervivencia que a mi me sobran,8,6,9,9,5,5,Gobierno Nacional,Gobierno Nacional,No
10/9/2026 11:38:03,Acepto participar,20,Masculino,Estudiante,"Sí, bienes",Rara vez (1 vez al año),Desastres,Sí," $ 40,000.00 ",10,60 - 80,Sí,Robos,0,0,1,1,1,1,Gobierno Nacional,Gobierno Nacional,Sí
10/9/2026 14:23:11,Acepto participar,19,Masculino,Estudiante,"No, ninguna de las anteriores",Rara vez (1 vez al año),Salud,Sí," $ 20,000.00 ",6,60 - 80,Tal vez,"Donaría para poder apoyar a personas que no están pasando sus mejores momentos, hoy son ellos, pero puede que en el futuro sea yo quien necesite la ayuda.",8,8,9,10,5,7,Gobierno Nacional,Gobierno Nacional,No
10/9/2026 14:43:28,Acepto participar,19,Femenino,Estudiante,"Sí, ambas",Ocasional (2-4 veces al año),Salud,Sí," $ 20,000.00 ",7,60 - 80,Sí,Vocación ,1,1,3,3,0,3,ONG,ONG,No
10/9/2026 14:44:18,Acepto participar,20,Masculino,Estudiante,"Sí, ambas",Nunca,Desastres,Sí," $ 50,000.00 ",7,40 - 60,Sí,Con el fin de ayudar a la gente ,1,1,1,2,0,2,Gobierno Nacional,Gobierno Nacional,No
10/9/2026 14:45:49,Acepto participar,20,Femenino,Estudiante,"Sí, bienes",Rara vez (1 vez al año),Animales,No, $ -   ,3,20 - 40,No,Porque no tengo plata ,2,5,8,2,2,1,ONG,ONG,Sí
10/9/2026 14:46:20,Acepto participar,19,Masculino,Estudiante,"Sí, tiempo (voluntariado)",Ocasional (2-4 veces al año),Emergencias,Sí," $ 25,000.00 ",7,60 - 80,Sí,Confianza en la institución ,10,6,7,8,6,6,Gobierno Nacional,Alcaldías,No
10/9/2026 14:47:04,Acepto participar,21,Femenino,Estudiante,"Sí, bienes",Ocasional (2-4 veces al año),Emergencias,Sí," $ 20,000.00 ",9,40 - 60,Sí,Por empatía.,5,2,4,7,1,6,Universidades,ONG,Sí
10/9/2026 14:47:17,Acepto participar,20,Masculino,Estudiante,"Sí, tiempo (voluntariado)",Ocasional (2-4 veces al año),Emergencias,Sí," $ 50,000.00 ",7,40 - 60,Sí,"Donaría porque yo tengo afortunadamente lo mínimo para vivir bien y estar bien. En cambio esas personas perdieron todo y probablemente su única oportunidad esta puesta en las donaciones, entonces por hacer alguna donación no me voy a morir ni me va a pasar nada malo, sino que causará un impacto positivo en los afectados ",3,10,10,5,7,6,Gobierno Nacional,Gobierno Nacional,Sí
10/9/2026 14:48:55,Acepto participar,19,Masculino,Estudiante,"Sí, bienes",Rara vez (1 vez al año),Desastres,Sí," $ 10,000.00 ",6,40 - 60,Sí,.,2,2,2,3,3,2,Gobierno Nacional,Gobierno Nacional,Sí
10/9/2026 14:49:16,Acepto participar,20,Femenino,Estudiante,"Sí, bienes",Rara vez (1 vez al año),Religiosa,Sí," $ 40,000.00 ",7,40 - 60,Tal vez,Desconfianza en la fuente ,3,3,3,3,5,3,Organización Religiosa,Gobierno Nacional,Sí
10/9/2026 15:02:26,Acepto participar,20,Masculino,Estudiante,"No, ninguna de las anteriores",Nunca,No aplica,Sí," $ 25,000.00 ",6,40 - 60,No,Por pirobo,2,2,1,3,0,1,Gobierno Nacional,Gobierno Nacional,No
10/9/2026 15:03:09,Acepto participar,20,Masculino,Estudiante,"Sí, tiempo (voluntariado)",Rara vez (1 vez al año),Desastres,Sí," $ 20,000.00 ",4,20 - 40,Tal vez,Que se roben las donaciones ,7,8,5,9,7,10,Gobierno Nacional,Gobierno Nacional,No
10/9/2026 15:03:17,Acepto participar,21,Masculino,Estudiante,"Sí, tiempo (voluntariado)",Rara vez (1 vez al año),Animales,Sí," $ 50,000.00 ",7,40 - 60,Tal vez,Porque siento que los “privilegios” (así sea tener un techo digno) deben aprovecharse precisamente para ayudar a personas que no lo tienen.,1,2,2,2,0,3,Empresas Privadas,Gobierno Nacional,No
10/9/2026 15:07:20,Acepto participar,20,Masculino,Estudiante,"Sí, bienes",Rara vez (1 vez al año),Emergencias,Sí," $ 50,000.00 ",4,40 - 60,No,Empatía pero dudo de la campaña,6,7,8,9,1,8,Gobierno Nacional,Gobierno Nacional,No
10/9/2026 15:10:26,Acepto participar,21,Masculino,Estudiante,"Sí, tiempo (voluntariado)",Rara vez (1 vez al año),Educación,Sí," $ 10,000.00 ",7,60 - 80,No,Confianza en la destinación de recursos ,8,9,9,9,8,9,Gobierno Nacional,ONG,No
10/9/2026 15:12:27,Acepto participar,21,Prefiero no decir,Estudiante,"Sí, bienes",Ocasional (2-4 veces al año),Emergencias,No," $ 1,000.00 ",6,20 - 40,Tal vez,Inseguridad,3,3,3,3,3,8,Empresas Privadas,Gobierno Nacional,No
10/9/2026 15:30:40,Acepto participar,20,Masculino,Estudiante,"Sí, bienes",Ocasional (2-4 veces al año),Emergencias,Sí," $ 45,000.00 ",5,40 - 60,Tal vez,Por qué a cualquiera le puede pasar ,5,4,5,6,6,10,ONG,Gobierno Nacional,No