fecha_hora,consentimiento,edad,genero,vinculo_universidad,ha_donado,frecuencia_donacion,causa_donacion,donaria,monto_donacion,confianza_campana,prob_llegada_recursos,compartiria_campana,razon_donacion,confianza_alcaldias,confianza_gobierno,confianza_ong,confianza_universidades,confianza_religiosa,confianza_empresas,capacidad_institucion,liderazgo_institucion,experiencia_emergencia
3/9/2026 13:37:06,acepto participar,18,masculino,estudiante,"no, ninguna de las anteriores",nunca,educacion,si," $ 45,000.00 ",5,40 - 60,si,para ayudar a la gente,4,4,2,5,2,7,empresas Privadas,empresas Privadas,no
3/9/2026 13:37:49,acepto participar,20,masculino,estudiante,"si, bienes",ocasional (2-4 veces al ano),desastres,si," $ 50,000.00 ",6,60 - 80,tal vez,"donaria pues hace parte de mis creencias religiosas y personales, pero ante una campana no confiable, me replantearia si donar o no.",7,1,1,10,10,10,gobierno nacional,alcaldias,no
3/9/2026 13:40:55,acepto participar,19,masculino,estudiante,"si, ambas",ocasional (2-4 veces al ano),animales,si," $ 40,000.00 ",7,60 - 80,tal vez,Para ayudar a las personas afectadas ,8,6,6,10,4,5,gobierno nacional,gobierno nacional,no
3/9/2026 13:55:51,acepto participar,18,masculino,estudiante,"no, ninguna de las anteriores",nunca,no aplica,no, $ -   ,5,40 - 60,tal vez,no tengo plata,5,5,5,6,2,5,empresas Privadas,gobierno nacional,no
3/9/2026 14:05:43,acepto participar,72,masculino,docente,"si, ambas",ocasional (2-4 veces al ano),salud,no, $ -   ,8,80 - 100,si,Confianza y solidaridad,1,0,4,1,0,6,gobierno nacional,gobierno nacional,no
3/9/2026 14:14:22,acepto participar,19,femenino,estudiante,"si, bienes",rara vez (1 vez al ano),salud,si, $ -   ,8,80 - 100,tal vez,donaria si son puntos de sitios como cruz roja o organizaciones conocidas que literalmente se dediquen a ello,8,9,9,9,9,8,alcaldias,alcaldias,no
3/9/2026 14:14:39,acepto participar,22,femenino,estudiante,"si, ambas",ocasional (2-4 veces al ano),emergencias,si," $ 40,000.00 ",10,40 - 60,si,"Por que mi carrera me lo pide, y tambien me nace hacerlo
",5,6,8,8,8,8,gobierno nacional,alcaldias,si
3/9/2026 14:20:03,acepto participar,20,masculino,estudiante,"si, bienes",ocasional (2-4 veces al ano),desastres,si," $ 50,000.00 ",8,60 - 80,tal vez,Para ayudar a las personas que pasan por una situacion de emergencia,5,2,2,8,2,8,empresas Privadas,gobierno nacional,no
3/9/2026 14:30:23,acepto participar,19,femenino,estudiante,"si, bienes",rara vez (1 vez al ano),desastres,no, $ -   ,10,60 - 80,tal vez,"no donaria dinero porque muchas veces no se destina a la causa, donaria bienes",8,7,7,9,8,7,alcaldias,alcaldias,no
3/9/2026 14:32:32,acepto participar,20,femenino,estudiante,"si, ambas",rara vez (1 vez al ano),animales,si," $ 45,000.00 ",5,60 - 80,si,donaria porque puedo ayudar a quienes no tienen recursos ,4,8,7,9,0,5,gobierno nacional,gobierno nacional,no
3/9/2026 14:44:09,acepto participar,19,masculino,estudiante,"si, tiempo (voluntariado)",rara vez (1 vez al ano),otra,si, $ -   ,4,40 - 60,tal vez,seguridad en que llegue lo donado,8,9,9,9,10,8,ong,gobierno nacional,no
3/9/2026 15:25:10,acepto participar,19,masculino,estudiante,"no, ninguna de las anteriores",ocasional (2-4 veces al ano),otra,si," $ 50,000.00 ",6,60 - 80,no,Por los demas ayudaria,3,2,3,2,1,3,empresas Privadas,gobierno nacional,no
3/9/2026 16:28:04,acepto participar,20,masculino,estudiante,"no, ninguna de las anteriores",rara vez (1 vez al ano),educacion,si," $ 30,000.00 ",7,60 - 80,tal vez,Quizas por mis valores como solidaridad y empatia por el entorno en que creci ,8,8,9,7,6,8,gobierno nacional,empresas Privadas,no
3/9/2026 16:29:58,acepto participar,20,femenino,estudiante,"no, ninguna de las anteriores",nunca,no aplica,si," $ 35,000.00 ",7,60 - 80,tal vez,no donaria porque no trabajo. ,4,4,8,8,4,0,ong,gobierno nacional,no
3/9/2026 17:13:16,acepto participar,21,femenino,estudiante,"si, bienes",rara vez (1 vez al ano),emergencias,si," $ 40,000.00 ",9,60 - 80,si,Para ayudar personas que realmente estan necesitando bienes para su subsistencia. ,1,3,2,3,4,1,gobierno nacional,gobierno nacional,no
3/9/2026 18:53:44,acepto participar,20,masculino,estudiante,"si, bienes",rara vez (1 vez al ano),emergencias,si," $ 30,000.00 ",7,60 - 80,si,Porque es gente que necesita ayuda y que yo tengo la posibilidad de ayudar ,8,5,5,8,6,6,gobierno nacional,gobierno nacional,no
4/9/2026 8:50:22,acepto participar,18,femenino,estudiante,"no, ninguna de las anteriores",rara vez (1 vez al ano),emergencias,si," $ 50,000.00 ",10,40 - 60,si,"Yo donaria para ayudar a las personas que realmente lo necesiten, en momentos de calamidades es importante apoyarnos como sociedad",2,2,3,2,3,1,gobierno nacional,gobierno nacional,si
4/9/2026 9:19:24,acepto participar,20,femenino,ninguno,"si, bienes",rara vez (1 vez al ano),otra,si," $ 20,000.00 ",8,60 - 80,si,donaria porque la gente necesita esa ayuda y yo desde mi posicion se la puedo dar ,6,5,7,5,7,7,ong,ong,si
4/9/2026 9:19:56,acepto participar,19,masculino,ninguno,"si, tiempo (voluntariado)",rara vez (1 vez al ano),desastres,si," $ 40,000.00 ",2,20 - 40,tal vez,Para ayudar a las personas de esos desastres,5,7,8,7,6,1,gobierno nacional,gobierno nacional,si
4/9/2026 9:35:56,acepto participar,19,femenino,estudiante,"si, ambas",ocasional (2-4 veces al ano),desastres,si," $ 50,000.00 ",5,40 - 60,tal vez,no sonaria si no me dicen exactamente que lugar es el afectado y no me muestran imagenes de que eso realmente paso. ,1,1,2,2,2,1,gobierno nacional,gobierno nacional,no
4/9/2026 10:27:41,acepto participar,21,masculino,ninguno,"no, ninguna de las anteriores",nunca,no aplica,no, $ -   ,5,40 - 60,tal vez,n/r,5,7,2,2,7,7,gobierno nacional,gobierno nacional,no
4/9/2026 11:28:25,acepto participar,33,masculino,administrativo,"si, ambas",ocasional (2-4 veces al ano),desastres,si," $ 35,000.00 ",10,60 - 80,si,"me gusta donar a cualquier causa y mas si es un desastre ya que hay mucha gente que necesita ayudas, y poder brindar mi granito de arena es lo mejor que puedo hacer",5,6,8,8,8,8,gobierno nacional,ong,si
5/9/2026 15:16:42,acepto participar,21,masculino,estudiante,"si, bienes",ocasional (2-4 veces al ano),emergencias,si," $ 50,000.00 ",10,60 - 80,si,"aparte de que estudio trabajo y desde muy pequeno estoy dispuesto a dar en cual ocasion sea lo que sea, pero sobre todo en emergencias",2,5,10,10,10,10,gobierno nacional,empresas Privadas,si
7/9/2026 19:19:02,acepto participar,20,femenino,ninguno,"no, ninguna de las anteriores",rara vez (1 vez al ano),religiosa,si," $ 30,000.00 ",2,0 - 20,tal vez,"no donaria porque no me he informado en las noticias sobre este desastre natural, es diferente si la emergencia esta moviendo a todo el pais o si quien esta recibiendo las donaciones son entidades certificadas como Cruz roja certificada.",7,7,8,8,9,7,ong,ong,no
7/9/2026 19:22:31,acepto participar,20,masculino,ninguno,"si, bienes",nunca,otra,si," $ 50,000.00 ",10,60 - 80,tal vez,Por empatia y porque puedo donar,9,8,5,9,7,5,gobierno nacional,gobierno nacional,no
7/9/2026 19:31:03,acepto participar,20,no binario,estudiante,"si, ambas",ocasional (2-4 veces al ano),emergencias,si," $ 25,000.00 ",7,40 - 60,tal vez,tengo que asegurar de que sea de una institucion acreditado ,2,2,3,2,1,1,gobierno nacional,alcaldias,no
7/9/2026 19:32:21,acepto participar,20,masculino,estudiante,"si, tiempo (voluntariado)",rara vez (1 vez al ano),desastres,si," $ 30,000.00 ",7,40 - 60,si,solidaridad ,7,10,10,10,8,8,gobierno nacional,gobierno nacional,no
7/9/2026 19:51:36,acepto participar,21,masculino,ninguno,"si, tiempo (voluntariado)",ocasional (2-4 veces al ano),religiosa,no, $ -   ,6,60 - 80,tal vez,Yo lo haria pero la razin es que no tengo trabajo.,7,6,7,8,10,7,organizacion religiosa,gobierno nacional,si
7/9/2026 19:51:52,acepto participar,19,femenino,ninguno,"no, ninguna de las anteriores",rara vez (1 vez al ano),educacion,si," $ 10,000.00 ",4,20 - 40,tal vez,Para sentir que ayudo,7,6,7,10,10,10,alcaldias,gobierno nacional,no
7/9/2026 21:48:01,acepto participar,20,masculino,estudiante,"si, tiempo (voluntariado)",rara vez (1 vez al ano),desastres,si," $ 50,000.00 ",10,80 - 100,tal vez,Por las ganas de ayudar al que lo necesita,8,8,8,8,8,8,ong,ong,si
8/9/2026 5:52:23,acepto participar,17,masculino,estudiante,"si, bienes",rara vez (1 vez al ano),desastres,si," $ 50,000.00 ",5,60 - 80,si,donaria porque cada persona tiene el derecho a tener recursos basicos y una casa. Con mi donacion podria ayudar al menos un poco con lo que tengo.,7,8,4,8,8,6,gobierno nacional,gobierno nacional,no
8/9/2026 8:34:36,acepto participar,21,femenino,ninguno,"no, ninguna de las anteriores",nunca,no aplica,no, $ -   ,3,20 - 40,si,solidaridad ,3,2,6,1,3,7,gobierno nacional,gobierno nacional,no
8/9/2026 12:19:17,acepto participar,23,masculino,ninguno,"si, ambas",rara vez (1 vez al ano),salud,si," $ 40,000.00 ",10,80 - 100,si,"HoY Por tI, manana Por mI",7,7,8,8,7,7,ong,gobierno nacional,si
8/9/2026 12:25:15,acepto participar,23,femenino,ninguno,"no, ninguna de las anteriores",rara vez (1 vez al ano),emergencias,si," $ 50,000.00 ",7,40 - 60,tal vez,apoyo al que lo necesita ,2,2,2,2,2,2,empresas Privadas,gobierno nacional,no
8/9/2026 13:04:13,acepto participar,39,femenino,estudiante,"si, bienes",ocasional (2-4 veces al ano),emergencias,si," $ 10,000.00 ",8,60 - 80,tal vez,"donaria si fiaran mas informacion referente a la emergencia presentada , informacion especifica y verificable , ya que es muy poca y no da confiabilidad ",5,5,7,7,9,7,gobierno nacional,gobierno nacional,no
8/9/2026 15:03:27,acepto participar,22,femenino,estudiante,"si, tiempo (voluntariado)",rara vez (1 vez al ano),desastres,si," $ 50,000.00 ",5,40 - 60,si,Por los ninos ,6,5,7,9,5,6,universidades,universidades,no
8/9/2026 15:11:22,acepto participar,22,masculino,estudiante,"si, bienes",ocasional (2-4 veces al ano),otra,si," $ 45,000.00 ",8,40 - 60,si,Hoy por ti manana por mi,7,6,8,8,7,8,gobierno nacional,gobierno nacional,no
8/9/2026 16:32:36,acepto participar,21,masculino,estudiante,"si, tiempo (voluntariado)",ocasional (2-4 veces al ano),desastres,si," $ 40,000.00 ",7,40 - 60,si,"Porque me nace hacerlo, y siento que tambien hay momentos donde la gente lo necesita ",3,8,8,10,10,8,gobierno nacional,alcaldias,si
8/9/2026 16:35:09,acepto participar,18,femenino,estudiante,"si, bienes",rara vez (1 vez al ano),emergencias,si," $ 25,000.00 ",9,60 - 80,tal vez,"Yo donaria primero porque gracias a dios cuento con los recursos, y segundo porque siento que mas alla del lucro personal, uno debe ayudar a cualquier persona",6,10,9,10,9,9,gobierno nacional,gobierno nacional,no
8/9/2026 16:37:01,acepto participar,28,masculino,egresado,"si, tiempo (voluntariado)",ocasional (2-4 veces al ano),desastres,si," $ 35,000.00 ",8,40 - 60,tal vez,"siento que con lo que gano en mi trabajo puedo ayudar, o aportar mi granito de arena ante un desastre",8,7,10,9,9,9,gobierno nacional,alcaldias,si
8/9/2026 16:39:12,acepto participar,19,masculino,estudiante,"si, tiempo (voluntariado)",ocasional (2-4 veces al ano),desastres,si," $ 25,000.00 ",7,40 - 60,si,"en los desastres es donde mas la gente lo necesita, por ejemplo lo que paso hace poco con el terremoto, siento que cada uno puede poner de su parte",4,4,6,7,7,10,gobierno nacional,alcaldias,no
8/9/2026 16:42:26,acepto participar,20,femenino,estudiante,"si, ambas",frecuente (mensual o mas),desastres,si," $ 25,000.00 ",10,60 - 80,si,me nace hacerlo,7,8,10,8,9,10,gobierno nacional,ong,no
8/9/2026 16:45:53,acepto participar,20,masculino,estudiante,"si, bienes",rara vez (1 vez al ano),desastres,si," $ 45,000.00 ",10,40 - 60,tal vez,"uno no se lleva nada, de que vale guardar plata si a alguien mas le puede servir en tiempos de desastres",8,7,10,8,10,10,gobierno nacional,gobierno nacional,no
8/9/2026 16:47:34,acepto participar,17,femenino,ninguno,"si, ambas",ocasional (2-4 veces al ano),emergencias,si," $ 40,000.00 ",7,60 - 80,tal vez,"es triste ver mucha gente en esas condiciones, entonces si yo puedo hacer algo minimo para ayudar con todo el gusto lo voy a hacer",4,4,9,9,10,10,gobierno nacional,ong,no
8/9/2026 16:51:06,acepto participar,18,femenino,estudiante,"si, ambas",ocasional (2-4 veces al ano),desastres,si," $ 50,000.00 ",8,40 - 60,tal vez,"soy una mujer con unas buenas costumbres, y me criaron siempre para dar al necesitado y mas en un desastre",7,7,9,9,8,10,gobierno nacional,empresas Privadas,si
8/9/2026 17:03:00,acepto participar,27,femenino,ninguno,"si, bienes",frecuente (mensual o mas),religiosa,si," $ 35,000.00 ",8,60 - 80,tal vez,donaria para ser ayuda a otros ,0,1,1,0,2,1,gobierno nacional,gobierno nacional,no
8/9/2026 17:38:35,acepto participar,19,masculino,estudiante,"si, bienes",rara vez (1 vez al ano),animales,si," $ 40,000.00 ",6,60 - 80,si,siempre me ha gustado ayudar y mas a los animales ya que tambien son seres vivos,4,4,6,7,8,10,gobierno nacional,gobierno nacional,no
8/9/2026 17:45:02,acepto participar,25,femenino,ninguno,"si, ambas",ocasional (2-4 veces al ano),desastres,si," $ 25,000.00 ",8,60 - 80,si,soy una mujer que le gusta ayudar y cuando se me da la oportunidad de hacerlo lo hago,2,3,9,9,10,10,gobierno nacional,empresas Privadas,si
8/9/2026 17:47:57,acepto participar,21,masculino,ninguno,"si, ambas",ocasional (2-4 veces al ano),desastres,si," $ 45,000.00 ",9,80 - 100,si,"La mayoria de veces he sido generoso con ayudas monetarias en desastres y demas, me gusta mucho ayudar a la gente y sobretodo que lo que uno ofrezca les sirva.",4,6,7,9,10,10,gobierno nacional,alcaldias,no
8/9/2026 17:50:27,acepto participar,20,masculino,estudiante,"si, bienes",ocasional (2-4 veces al ano),emergencias,si," $ 50,000.00 ",10,60 - 80,si,me gusta siempre ayudar en lo que pueda aportar en emergencias,3,3,5,7,9,10,gobierno nacional,alcaldias,no
8/9/2026 17:53:23,acepto participar,20,masculino,estudiante,"si, bienes",ocasional (2-4 veces al ano),desastres,si," $ 30,000.00 ",7,60 - 80,tal vez,donaria si es necesario y que haya gente que lo necesite realmente bajo una circunstancia dificil,4,6,9,10,7,9,gobierno nacional,gobierno nacional,no
8/9/2026 17:55:43,acepto participar,21,masculino,estudiante,"si, bienes",rara vez (1 vez al ano),desastres,si," $ 45,000.00 ",8,60 - 80,si,"Cuando la gente lo necesite sea por desastres naturales, con todo el gusto dono",3,3,5,5,6,6,gobierno nacional,empresas Privadas,no
8/9/2026 17:57:52,acepto participar,23,masculino,estudiante,"si, bienes",ocasional (2-4 veces al ano),emergencias,si," $ 40,000.00 ",8,80 - 100,si,"mis papas me criaron asi, y me nace hacerlo desde el corazon",4,6,7,9,9,10,gobierno nacional,gobierno nacional,no
8/9/2026 17:59:33,acepto participar,20,femenino,estudiante,"si, bienes",ocasional (2-4 veces al ano),animales,si," $ 20,000.00 ",6,40 - 60,tal vez,"me gusta mucho donar a causas de animales, y tambien desastres",5,5,7,9,10,10,gobierno nacional,gobierno nacional,no
8/9/2026 18:02:50,acepto participar,20,masculino,estudiante,"si, ambas",ocasional (2-4 veces al ano),salud,si," $ 20,000.00 ",7,60 - 80,si,Cuando haya gente en condiciones muy graves sea por un desastre o por salud ,2,3,5,7,9,10,gobierno nacional,gobierno nacional,si
8/9/2026 18:41:04,acepto participar,21,masculino,estudiante,"no, ninguna de las anteriores",rara vez (1 vez al ano),religiosa,si," $ 50,000.00 ",3,20 - 40,tal vez,me gustaria donar ya que es una situacion fuera de contexto donde nadie puede evitar un desastre natural ,2,2,2,6,2,5,empresas Privadas,empresas Privadas,no
8/9/2026 19:36:40,acepto participar,20,femenino,ninguno,"si, bienes",rara vez (1 vez al ano),desastres,si," $ 20,000.00 ",8,60 - 80,si,"uno dona porque tiene la oportunidad de ayudar a alguien que lo necesita y aportar, aunque sea con algo pequeno, a mejorar su vida ante la situacion que estan viviendo ",7,7,7,7,7,7,gobierno nacional,ong,no
8/9/2026 19:54:39,acepto participar,19,femenino,estudiante,"si, ambas",rara vez (1 vez al ano),emergencias,si," $ 50,000.00 ",7,60 - 80,si,Hoy por ti manana por mi!,8,8,10,8,8,8,ong,ong,no
8/9/2026 21:05:55,acepto participar,21,masculino,estudiante,"no, ninguna de las anteriores",nunca,no aplica,no, $ -   ,0,0 - 20,no,no,0,0,0,0,0,0,empresas Privadas,ong,no
8/9/2026 21:11:41,acepto participar,19,femenino,estudiante,"no, ninguna de las anteriores",rara vez (1 vez al ano),otra,si," $ 20,000.00 ",7,40 - 60,si,"Por sentido de pertenencia , conciencia y empatia con las poblaciones afectadas ",7,8,9,9,1,3,ong,ong,no
8/9/2026 21:17:02,acepto participar,21,femenino,estudiante,"si, bienes",ocasional (2-4 veces al ano),emergencias,si," $ 50,000.00 ",10,60 - 80,si,empatia ,10,10,10,10,10,10,gobierno nacional,gobierno nacional,no
9/9/2026 8:05:03,acepto participar,21,femenino,estudiante,"si, bienes",rara vez (1 vez al ano),desastres,si," $ 20,000.00 ",8,60 - 80,si,"me gusta ayudar y cuando lo hago, lo hago desde el cora ",3,6,9,8,10,10,gobierno nacional,gobierno nacional,no
9/9/2026 8:06:48,acepto participar,20,masculino,estudiante,"si, bienes",ocasional (2-4 veces al ano),no aplica,si," $ 10,000.00 ",7,40 - 60,si,"Porque este es un caso dificil, donde mucha gente damnificada lo necesita",4,5,8,9,8,8,gobierno nacional,alcaldias,no
9/9/2026 8:08:02,acepto participar,20,masculino,estudiante,"si, bienes",ocasional (2-4 veces al ano),desastres,si," $ 25,000.00 ",8,60 - 80,si,es mi deber como ciudadano ,3,6,7,9,10,10,gobierno nacional,alcaldias,no
9/9/2026 8:09:39,acepto participar,19,femenino,estudiante,"si, tiempo (voluntariado)",rara vez (1 vez al ano),emergencias,si," $ 40,000.00 ",7,60 - 80,si,"me gusta ayudar, y tengo la posibilidad de hacerlo",4,4,7,7,8,10,gobierno nacional,alcaldias,si
9/9/2026 8:16:13,acepto participar,22,masculino,estudiante,"si, bienes",ocasional (2-4 veces al ano),desastres,si," $ 20,000.00 ",9,80 - 100,si,"soy una persona que desde lo poco ayuda, tipo si tengo plata de sobra lo dono por q a alguien mas le puede servir como es este caso",4,3,5,5,8,10,gobierno nacional,empresas Privadas,no
9/9/2026 8:24:30,acepto participar,20,masculino,estudiante,"si, bienes",rara vez (1 vez al ano),desastres,si," $ 35,000.00 ",6,60 - 80,tal vez,este caso pasa en mucho en Colombia y es una problematica donde mas se puede ayudar,2,4,5,8,9,10,gobierno nacional,gobierno nacional,no
9/9/2026 8:38:05,acepto participar,20,femenino,estudiante,"si, bienes",ocasional (2-4 veces al ano),desastres,si," $ 40,000.00 ",9,60 - 80,si,"Lo que paso en el terremoto, me toco el corazon mucho y por ende lo hago desde ahi",6,5,7,7,9,10,gobierno nacional,ong,si
9/9/2026 8:40:11,acepto participar,19,masculino,estudiante,"si, bienes",rara vez (1 vez al ano),desastres,si," $ 50,000.00 ",7,60 - 80,tal vez,La gente que lo necesita :),4,5,8,9,6,10,gobierno nacional,alcaldias,no
9/9/2026 8:42:13,acepto participar,22,femenino,estudiante,"si, ambas",rara vez (1 vez al ano),desastres,si," $ 25,000.00 ",8,60 - 80,si,"Creo que como colombianos cada uno debe poner de su parte en lo que pueda, y mas cuando el pais lo requiera",7,6,8,8,8,10,gobierno nacional,gobierno nacional,no
9/9/2026 9:24:48,acepto participar,19,masculino,estudiante,"si, bienes",rara vez (1 vez al ano),desastres,si," $ 40,000.00 ",8,60 - 80,si,ayudar a los damnificados ,9,10,9,10,9,9,gobierno nacional,gobierno nacional,si
9/9/2026 9:36:02,acepto participar,21,masculino,estudiante,"no, ninguna de las anteriores",nunca,no aplica,no, $ -   ,6,60 - 80,tal vez,me falta informacion de la organizacion donante.,7,6,9,10,9,7,universidades,ong,no
9/9/2026 9:37:20,acepto participar,20,masculino,ninguno,"no, ninguna de las anteriores",rara vez (1 vez al ano),salud,si," $ 10,000.00 ",8,80 - 100,si,"La gente que no tiene hogar, necesita mas el tiempo, el dinero y la ayuda de la gente ",0,9,10,8,7,3,gobierno nacional,alcaldias,si
9/9/2026 9:43:31,acepto participar,20,masculino,ninguno,"si, bienes",rara vez (1 vez al ano),emergencias,si," $ 50,000.00 ",5,40 - 60,si,no sabes cuando podria pasarte a ti ,5,5,7,7,9,9,empresas Privadas,ong,no
9/9/2026 9:59:51,acepto participar,20,masculino,estudiante,"si, bienes",rara vez (1 vez al ano),desastres,si," $ 50,000.00 ",5,40 - 60,tal vez,aunque se haya iniciado una campana no se sabe quien la coordina ,4,6,8,8,5,5,gobierno nacional,gobierno nacional,no
9/9/2026 10:20:34,acepto participar,21,femenino,estudiante,"si, tiempo (voluntariado)",rara vez (1 vez al ano),otra,no, $ -   ,7,40 - 60,tal vez,mucho esfuerzo (dono solo una vez) ,6,8,7,10,9,10,ong,gobierno nacional,no
9/9/2026 10:26:58,acepto participar,24,femenino,estudiante,"no, ninguna de las anteriores",nunca,no aplica,si," $ 35,000.00 ",9,60 - 80,si,Porque las personas lo necesitan y no esta de mas aportar un granito de arena a la causa,1,2,2,3,1,2,ong,universidades,no
9/9/2026 10:35:55,acepto participar,20,femenino,estudiante,"si, tiempo (voluntariado)",frecuente (mensual o mas),educacion,si," $ 10,000.00 ",8,60 - 80,si,razon principal debo trabajar y ganar mis propios ingresos pero puedo donar mi tiempo en especial cuando no estoy ocupada.,6,7,8,9,10,9,ong,gobierno nacional,no
9/9/2026 11:57:56,acepto participar,22,masculino,estudiante,"si, bienes",rara vez (1 vez al ano),educacion,no," $ 2,000.00 ",4,20 - 40,tal vez,deconfianza,7,2,4,7,1,1,gobierno nacional,gobierno nacional,no
9/9/2026 13:23:08,acepto participar,21,femenino,estudiante,"no, ninguna de las anteriores",nunca,no aplica,si," $ 50,000.00 ",8,60 - 80,tal vez,Porque cada aporte puede ayudar asi sea poco,3,3,4,4,4,4,ong,ong,no
9/9/2026 13:24:52,acepto participar,22,masculino,estudiante,"si, bienes",rara vez (1 vez al ano),desastres,si," $ 20,000.00 ",8,60 - 80,si,Por que uno tiene que ayudar al projimo con lo que pueda. aveces compramos cosas que no necesitamos y que podriamos utilizar ese dinero y ayudar a lguien que lo necesite ,7,7,6,8,4,6,empresas Privadas,ong,no
9/9/2026 16:11:14,acepto participar,20,masculino,estudiante,"si, ambas",frecuente (mensual o mas),educacion,si," $ 20,000.00 ",5,40 - 60,tal vez,no se ve confiable,8,8,9,9,4,7,gobierno nacional,gobierno nacional,si
9/9/2026 23:54:35,acepto participar,21,masculino,estudiante,"si, tiempo (voluntariado)",rara vez (1 vez al ano),desastres,si," $ 50,000.00 ",8,40 - 60,si,es importante ayudar cuando hay un desastre,3,4,6,7,8,8,empresas Privadas,alcaldias,si
10/9/2026 11:33:49,acepto participar,20,masculino,estudiante,"no, ninguna de las anteriores",rara vez (1 vez al ano),otra,si," $ 20,000.00 ",7,40 - 60,tal vez,Para ayudar a los que necesitan mas cosas para su supervivencia que a mi me sobran,8,6,9,9,5,5,gobierno nacional,gobierno nacional,no
10/9/2026 11:38:03,acepto participar,20,masculino,estudiante,"si, bienes",rara vez (1 vez al ano),desastres,si," $ 40,000.00 ",10,60 - 80,si,robos,0,0,1,1,1,1,gobierno nacional,gobierno nacional,si
10/9/2026 14:23:11,acepto participar,19,masculino,estudiante,"no, ninguna de las anteriores",rara vez (1 vez al ano),salud,si," $ 20,000.00 ",6,60 - 80,tal vez,"donaria para poder apoyar a personas que no estan pasando sus mejores momentos, hoy son ellos, pero puede que en el futuro sea yo quien necesite la ayuda.",8,8,9,10,5,7,gobierno nacional,gobierno nacional,no
10/9/2026 14:43:28,acepto participar,19,femenino,estudiante,"si, ambas",ocasional (2-4 veces al ano),salud,si," $ 20,000.00 ",7,60 - 80,si,Vocacion ,1,1,3,3,0,3,ong,ong,no
10/9/2026 14:44:18,acepto participar,20,masculino,estudiante,"si, ambas",nunca,desastres,si," $ 50,000.00 ",7,40 - 60,si,Con el fin de ayudar a la gente ,1,1,1,2,0,2,gobierno nacional,gobierno nacional,no
10/9/2026 14:45:49,acepto participar,20,femenino,estudiante,"si, bienes",rara vez (1 vez al ano),animales,no, $ -   ,3,20 - 40,no,Porque no tengo plata ,2,5,8,2,2,1,ong,ong,si
10/9/2026 14:46:20,acepto participar,19,masculino,estudiante,"si, tiempo (voluntariado)",ocasional (2-4 veces al ano),emergencias,si," $ 25,000.00 ",7,60 - 80,si,Confianza en la institucion ,10,6,7,8,6,6,gobierno nacional,alcaldias,no
10/9/2026 14:47:04,acepto participar,21,femenino,estudiante,"si, bienes",ocasional (2-4 veces al ano),emergencias,si," $ 20,000.00 ",9,40 - 60,si,Por empatia.,5,2,4,7,1,6,universidades,ong,si
10/9/2026 14:47:17,acepto participar,20,masculino,estudiante,"si, tiempo (voluntariado)",ocasional (2-4 veces al ano),emergencias,si," $ 50,000.00 ",7,40 - 60,si,"donaria porque yo tengo afortunadamente lo minimo para vivir bien y estar bien. en cambio esas personas perdieron todo y probablemente su unica oportunidad esta puesta en las donaciones, entonces por hacer alguna donacion no me voy a morir ni me va a pasar nada malo, sino que causara un impacto positivo en los afectados ",3,10,10,5,7,6,gobierno nacional,gobierno nacional,si
10/9/2026 14:48:55,acepto participar,19,masculino,estudiante,"si, bienes",rara vez (1 vez al ano),desastres,si," $ 10,000.00 ",6,40 - 60,si,.,2,2,2,3,3,2,gobierno nacional,gobierno nacional,si
10/9/2026 14:49:16,acepto participar,20,femenino,estudiante,"si, bienes",rara vez (1 vez al ano),religiosa,si," $ 40,000.00 ",7,40 - 60,tal vez,desconfianza en la fuente ,3,3,3,3,5,3,organizacion religiosa,gobierno nacional,si
10/9/2026 15:02:26,acepto participar,20,masculino,estudiante,"no, ninguna de las anteriores",nunca,no aplica,si," $ 25,000.00 ",6,40 - 60,no,Por pirobo,2,2,1,3,0,1,gobierno nacional,gobierno nacional,no
10/9/2026 15:03:09,acepto participar,20,masculino,estudiante,"si, tiempo (voluntariado)",rara vez (1 vez al ano),desastres,si," $ 20,000.00 ",4,20 - 40,tal vez,Que se roben las donaciones ,7,8,5,9,7,10,gobierno nacional,gobierno nacional,no
10/9/2026 15:03:17,acepto participar,21,masculino,estudiante,"si, tiempo (voluntariado)",rara vez (1 vez al ano),animales,si," $ 50,000.00 ",7,40 - 60,tal vez,Porque siento que los “privilegios” (asi sea tener un techo digno) deben aprovecharse precisamente para ayudar a personas que no lo tienen.,1,2,2,2,0,3,empresas Privadas,gobierno nacional,no
10/9/2026 15:07:20,acepto participar,20,masculino,estudiante,"si, bienes",rara vez (1 vez al ano),emergencias,si," $ 50,000.00 ",4,40 - 60,no,empatia pero dudo de la campana,6,7,8,9,1,8,gobierno nacional,gobierno nacional,no
10/9/2026 15:10:26,acepto participar,21,masculino,estudiante,"si, tiempo (voluntariado)",rara vez (1 vez al ano),educacion,si," $ 10,000.00 ",7,60 - 80,no,Confianza en la destinacion de recursos ,8,9,9,9,8,9,gobierno nacional,ong,no
10/9/2026 15:12:27,acepto participar,21,Prefiero no decir,estudiante,"si, bienes",ocasional (2-4 veces al ano),emergencias,no," $ 1,000.00 ",6,20 - 40,tal vez,Inseguridad,3,3,3,3,3,8,empresas Privadas,gobierno nacional,no
10/9/2026 15:30:40,acepto participar,20,masculino,estudiante,"si, bienes",ocasional (2-4 veces al ano),emergencias,si," $ 45,000.00 ",5,40 - 60,tal vez,Por que a cualquiera le puede pasar ,5,4,5,6,6,10,ong,gobierno nacional,no